FULL_NAME,PROFILE_TYPE,OFFICE,OFFICE_LEVEL,STATE,DISTRICT,PARTY,INCUMBENT,STATUS,PRIMARY_DATE,GENERAL_DATE,FEC_CANDIDATE_ID,BALLOTPEDIA_URL,WEBSITE,EMAIL,PHONE,BIOGRAPHY,PHOTO_URL,NOTES
John Burkel,politician,Minnesota House of Representatives,State,Minnesota,01A,Republican,Yes,In Office,August 11 2026,November 3 2026,,https://ballotpedia.org/John_Burkel,https://www.house.mn.gov/members/profile/15538,rep.john.burkel@house.mn.gov,651-296-9635,,https://www.house.mn.gov/hinfo/memberimgls94/01A.gif,
Steve Gander,politician,Minnesota House of Representatives,State,Minnesota,01B,Republican,Yes,In Office,August 11 2026,November 3 2026,,https://ballotpedia.org/Steve_Gander,https://www.house.mn.gov/members/profile/15631,rep.steve.gander@house.mn.gov,651-296-5091,,https://www.house.mn.gov/hinfo/memberimgls94/01B.gif,
Bidal Duran,politician,Minnesota House of Representatives,State,Minnesota,02A,Republican,Yes,In Office,August 11 2026,November 3 2026,,https://ballotpedia.org/Bidal_Duran,https://www.house.mn.gov/members/profile/15629,rep.bidal.duran@house.mn.gov,651-296-4265,Assistant GOP Floor Leader,https://www.house.mn.gov/hinfo/memberimgls94/02A.gif,
Matt Bliss,politician,Minnesota House of Representatives,State,Minnesota,02B,Republican,Yes,In Office,August 11 2026,November 3 2026,,https://ballotpedia.org/Matt_Bliss,https://www.house.mn.gov/members/profile/15458,rep.matt.bliss@house.mn.gov,651-296-5516,,https://www.house.mn.gov/hinfo/memberimgls94/02B.gif,
Roger Skraba,politician,Minnesota House of Representatives,State,Minnesota,03A,Republican,Yes,In Office,August 11 2026,November 3 2026,,https://ballotpedia.org/Roger_Skraba,https://www.house.mn.gov/members/profile/15623,rep.roger.skraba@house.mn.gov,651-296-2190,,https://www.house.mn.gov/hinfo/memberimgls94/03A.gif,
Natalie Zeleznikar,politician,Minnesota House of Representatives,State,Minnesota,03B,Republican,Yes,In Office,August 11 2026,November 3 2026,,https://ballotpedia.org/Natalie_Zeleznikar,https://www.house.mn.gov/members/profile/15624,rep.natalie.zeleznikar@house.mn.gov,651-296-2676,Assistant GOP Floor Leader,https://www.house.mn.gov/hinfo/memberimgls94/03B.gif,
Heather Keeler,politician,Minnesota House of Representatives,State,Minnesota,04A,Democratic-Farmer-Labor,Yes,In Office,August 11 2026,November 3 2026,,https://ballotpedia.org/Heather_Keeler,https://www.house.mn.gov/members/profile/15539,rep.heather.keeler@house.mn.gov,651-296-5515,Assistant DFL Floor Leader,https://www.house.mn.gov/hinfo/memberimgls94/04A.gif,
Jim Joy,politician,Minnesota House of Representatives,State,Minnesota,04B,Republican,Yes,In Office,August 11 2026,November 3 2026,,https://ballotpedia.org/Jim_Joy,https://www.house.mn.gov/members/profile/15591,rep.jim.joy@house.mn.gov,651-296-6829,Assistant GOP Floor Leader,https://www.house.mn.gov/hinfo/memberimgls94/04B.gif,
Krista Knudsen,politician,Minnesota House of Representatives,State,Minnesota,05A,Republican,Yes,In Office,August 11 2026,November 3 2026,,https://ballotpedia.org/Krista_Knudsen,https://www.house.mn.gov/members/profile/15592,rep.krista.knudsen@house.mn.gov,651-296-9918,,https://www.house.mn.gov/hinfo/memberimgls94/05A.gif,
Mike Wiener,politician,Minnesota House of Representatives,State,Minnesota,05B,Republican,Yes,In Office,August 11 2026,November 3 2026,,https://ballotpedia.org/Mike_Wiener,https://www.house.mn.gov/members/profile/15593,rep.mike.wiener@house.mn.gov,651-296-4293,,https://www.house.mn.gov/hinfo/memberimgls94/05B.gif,
Ben Davis,politician,Minnesota House of Representatives,State,Minnesota,06A,Republican,Yes,In Office,August 11 2026,November 3 2026,,https://ballotpedia.org/Ben_Davis,https://www.house.mn.gov/members/profile/15594,rep.ben.davis@house.mn.gov,651-296-0172,,https://www.house.mn.gov/hinfo/memberimgls94/06A.gif,
Josh Heintzeman,politician,Minnesota House of Representatives,State,Minnesota,06B,Republican,Yes,In Office,August 11 2026,November 3 2026,,https://ballotpedia.org/Josh_Heintzeman,https://www.house.mn.gov/members/profile/15435,rep.josh.heintzeman@house.mn.gov,651-296-4333,,https://www.house.mn.gov/hinfo/memberimgls94/06B.gif,
Spencer Igo,politician,Minnesota House of Representatives,State,Minnesota,07A,Republican,Yes,In Office,August 11 2026,November 3 2026,,https://ballotpedia.org/Spencer_Igo,https://www.house.mn.gov/members/profile/15540,rep.spencer.igo@house.mn.gov,651-296-4936,,https://www.house.mn.gov/hinfo/memberimgls94/07A.gif,
Cal Warwas,politician,Minnesota House of Representatives,State,Minnesota,07B,Republican,Yes,In Office,August 11 2026,November 3 2026,,https://ballotpedia.org/Cal_Warwas,https://www.house.mn.gov/members/profile/15648,rep.cal.warwas@house.mn.gov,651-296-0170,,https://www.house.mn.gov/hinfo/memberimgls94/07B.gif,
Pete Johnson,politician,Minnesota House of Representatives,State,Minnesota,08A,Democratic-Farmer-Labor,Yes,In Office,August 11 2026,November 3 2026,,https://ballotpedia.org/Pete_Johnson_(Minnesota),https://www.house.mn.gov/members/profile/15636,rep.pete.johnson@house.mn.gov,651-296-4246,,https://www.house.mn.gov/hinfo/memberimgls94/08A.gif,
Liish Kozlowski,politician,Minnesota House of Representatives,State,Minnesota,08B,Democratic-Farmer-Labor,Yes,In Office,August 11 2026,November 3 2026,,https://ballotpedia.org/Liish_Kozlowski,https://www.house.mn.gov/members/profile/15595,rep.liish.kozlowski@house.mn.gov,651-296-2228,,https://www.house.mn.gov/hinfo/memberimgls94/08B.gif,
Jeff Backer,politician,Minnesota House of Representatives,State,Minnesota,09A,Republican,Yes,In Office,August 11 2026,November 3 2026,,https://ballotpedia.org/Jeff_Backer,https://www.house.mn.gov/members/profile/15428,rep.jeff.backer@house.mn.gov,651-296-4929,,https://www.house.mn.gov/hinfo/memberimgls94/09A.gif,
Tom Murphy,politician,Minnesota House of Representatives,State,Minnesota,09B,Republican,Yes,In Office,August 11 2026,November 3 2026,,https://ballotpedia.org/Tom_Murphy_(Minnesota),https://www.house.mn.gov/members/profile/15596,rep.tom.murphy@house.mn.gov,651-296-4946,,https://www.house.mn.gov/hinfo/memberimgls94/09B.gif,
Ron Kresha,politician,Minnesota House of Representatives,State,Minnesota,10A,Republican,Yes,In Office,August 11 2026,November 3 2026,,https://ballotpedia.org/Ron_Kresha,https://www.house.mn.gov/members/profile/15404,rep.ron.kresha@house.mn.gov,651-296-4247,,https://www.house.mn.gov/hinfo/memberimgls94/10A.gif,
Isaac Schultz,politician,Minnesota House of Representatives,State,Minnesota,10B,Republican,Yes,In Office,August 11 2026,November 3 2026,,https://ballotpedia.org/Isaac_Schultz,https://www.house.mn.gov/members/profile/15597,rep.isaac.schultz@house.mn.gov,651-296-6746,Deputy Speaker Pro Tempore,https://www.house.mn.gov/hinfo/memberimgls94/10B.gif,
Jeff Dotseth,politician,Minnesota House of Representatives,State,Minnesota,11A,Republican,Yes,In Office,August 11 2026,November 3 2026,,https://ballotpedia.org/Jeff_Dotseth,https://www.house.mn.gov/members/profile/15598,rep.jeff.dotseth@house.mn.gov,651-296-4308,,https://www.house.mn.gov/hinfo/memberimgls94/11A.gif,
Nathan Nelson,politician,Minnesota House of Representatives,State,Minnesota,11B,Republican,Yes,In Office,August 11 2026,November 3 2026,,https://ballotpedia.org/Nathan_Nelson_(Minnesota),https://www.house.mn.gov/members/profile/15534,rep.nathan.nelson@house.mn.gov,651-296-0518,,https://www.house.mn.gov/hinfo/memberimgls94/11B.gif,
Paul Anderson,politician,Minnesota House of Representatives,State,Minnesota,12A,Republican,Yes,In Office,August 11 2026,November 3 2026,,https://ballotpedia.org/Paul_Anderson_(Minnesota),https://www.house.mn.gov/members/profile/15301,rep.paul.anderson@house.mn.gov,651-296-4317,,https://www.house.mn.gov/hinfo/memberimgls94/12A.gif,
Mary Franson,politician,Minnesota House of Representatives,State,Minnesota,12B,Republican,Yes,In Office,August 11 2026,November 3 2026,,https://ballotpedia.org/Mary_Franson,https://www.house.mn.gov/members/profile/15347,rep.mary.franson@house.mn.gov,651-296-3201,,https://www.house.mn.gov/hinfo/memberimgls94/12B.gif,
Lisa Demuth,politician,Minnesota House of Representatives,State,Minnesota,13A,Republican,Yes,In Office,August 11 2026,November 3 2026,,https://ballotpedia.org/Lisa_Demuth,https://www.house.mn.gov/members/profile/15498,rep.lisa.demuth@house.mn.gov,651-296-4373,Speaker of the House,https://www.house.mn.gov/hinfo/memberimgls94/13A.gif,
Tim O'Driscoll,politician,Minnesota House of Representatives,State,Minnesota,13B,Republican,Yes,In Office,August 11 2026,November 3 2026,,https://ballotpedia.org/Tim_O%27Driscoll,https://www.house.mn.gov/members/profile/15364,rep.tim.odriscoll@house.mn.gov,651-296-7808,,https://www.house.mn.gov/hinfo/memberimgls94/13B.gif,
Bernie Perryman,politician,Minnesota House of Representatives,State,Minnesota,14A,Republican,Yes,In Office,August 11 2026,November 3 2026,,https://ballotpedia.org/Bernie_Perryman,https://www.house.mn.gov/members/profile/15599,rep.bernie.perryman@house.mn.gov,651-296-6316,,https://www.house.mn.gov/hinfo/memberimgls94/14A.gif,
Dan Wolgamott,politician,Minnesota House of Representatives,State,Minnesota,14B,Democratic-Farmer-Labor,Yes,In Office,August 11 2026,November 3 2026,,https://ballotpedia.org/Dan_Wolgamott,https://www.house.mn.gov/members/profile/15499,rep.dan.wolgamott@house.mn.gov,651-296-6612,,https://www.house.mn.gov/hinfo/memberimgls94/14B.gif,
Chris Swedzinski,politician,Minnesota House of Representatives,State,Minnesota,15A,Republican,Yes,In Office,August 11 2026,November 3 2026,,https://ballotpedia.org/Chris_Swedzinski,https://www.house.mn.gov/members/profile/15369,rep.chris.swedzinski@house.mn.gov,651-296-5374,,https://www.house.mn.gov/hinfo/memberimgls94/15A.gif,
Paul Torkelson,politician,Minnesota House of Representatives,State,Minnesota,15B,Republican,Yes,In Office,August 11 2026,November 3 2026,,https://ballotpedia.org/Paul_Torkelson,https://www.house.mn.gov/members/profile/15304,rep.paul.torkelson@house.mn.gov,651-296-9303,Assistant GOP Floor Leader,https://www.house.mn.gov/hinfo/memberimgls94/15B.gif,
Scott Van Binsbergen,politician,Minnesota House of Representatives,State,Minnesota,16A,Republican,Yes,In Office,August 11 2026,November 3 2026,,https://ballotpedia.org/Scott_Van_Binsbergen,https://www.house.mn.gov/members/profile/15647,rep.scott.vanbinsbergen@house.mn.gov,651-296-4344,,https://www.house.mn.gov/hinfo/memberimgls94/16A.gif,
Dave Baker,politician,Minnesota House of Representatives,State,Minnesota,16B,Republican,Yes,In Office,August 11 2026,November 3 2026,,https://ballotpedia.org/Dave_Baker_(Minnesota),https://www.house.mn.gov/members/profile/15429,rep.dave.baker@house.mn.gov,651-296-6206,,https://www.house.mn.gov/hinfo/memberimgls94/16B.gif,
Dawn Gillman,politician,Minnesota House of Representatives,State,Minnesota,17A,Republican,Yes,In Office,August 11 2026,November 3 2026,,https://ballotpedia.org/Dawn_Gillman,https://www.house.mn.gov/members/profile/15600,rep.dawn.gillman@house.mn.gov,651-296-4228,,https://www.house.mn.gov/hinfo/memberimgls94/17A.gif,
Bobbie Harder,politician,Minnesota House of Representatives,State,Minnesota,17B,Republican,Yes,In Office,August 11 2026,November 3 2026,,https://ballotpedia.org/Bobbie_Harder,https://www.house.mn.gov/members/profile/15601,rep.bobbie.harder@house.mn.gov,651-296-4229,,https://www.house.mn.gov/hinfo/memberimgls94/17B.gif,
Erica Schwartz,politician,Minnesota House of Representatives,State,Minnesota,18A,Republican,Yes,In Office,August 11 2026,November 3 2026,,https://ballotpedia.org/Erica_Schwartz,https://www.house.mn.gov/members/profile/15644,rep.erica.schwartz@house.mn.gov,651-296-8634,,https://www.house.mn.gov/hinfo/memberimgls94/18A.gif,
Luke Frederick,politician,Minnesota House of Representatives,State,Minnesota,18B,Democratic-Farmer-Labor,Yes,In Office,August 11 2026,November 3 2026,,https://ballotpedia.org/Luke_Frederick,https://www.house.mn.gov/members/profile/15542,rep.luke.frederick@house.mn.gov,651-296-3248,,https://www.house.mn.gov/hinfo/memberimgls94/18B.gif,
Keith Allen,politician,Minnesota House of Representatives,State,Minnesota,19A,Republican,Yes,In Office,August 11 2026,November 3 2026,,https://ballotpedia.org/Keith_Allen_(Minnesota),https://www.house.mn.gov/members/profile/15627,rep.keith.allen@house.mn.gov,651-296-8237,,https://www.house.mn.gov/hinfo/memberimgls94/19A.gif,
Tom Sexton,politician,Minnesota House of Representatives,State,Minnesota,19B,Republican,Yes,In Office,August 11 2026,November 3 2026,,https://ballotpedia.org/Tom_Sexton_(Minnesota),https://www.house.mn.gov/members/profile/15645,rep.tom.sexton@house.mn.gov,651-296-5368,,https://www.house.mn.gov/hinfo/memberimgls94/19B.gif,
Pam Altendorf,politician,Minnesota House of Representatives,State,Minnesota,20A,Republican,Yes,In Office,August 11 2026,November 3 2026,,https://ballotpedia.org/Pam_Altendorf,https://www.house.mn.gov/members/profile/15602,rep.pam.altendorf@house.mn.gov,651-296-8635,,https://www.house.mn.gov/hinfo/memberimgls94/20A.gif,
Steven Jacob,politician,Minnesota House of Representatives,State,Minnesota,20B,Republican,Yes,In Office,August 11 2026,November 3 2026,,https://ballotpedia.org/Steven_Jacob,https://www.house.mn.gov/members/profile/15603,rep.steven.jacob@house.mn.gov,651-296-2273,,https://www.house.mn.gov/hinfo/memberimgls94/20B.gif,
Joe Schomacker,politician,Minnesota House of Representatives,State,Minnesota,21A,Republican,Yes,In Office,August 11 2026,November 3 2026,,https://ballotpedia.org/Joe_Schomacker,https://www.house.mn.gov/members/profile/15367,rep.joe.schomacker@house.mn.gov,651-296-5505,,https://www.house.mn.gov/hinfo/memberimgls94/21A.gif,
Marj Fogelman,politician,Minnesota House of Representatives,State,Minnesota,21B,Republican,Yes,In Office,August 11 2026,November 3 2026,,https://ballotpedia.org/Marj_Fogelman,https://www.house.mn.gov/members/profile/15604,rep.marj.fogelman@house.mn.gov,651-296-5373,,https://www.house.mn.gov/hinfo/memberimgls94/21B.gif,
Bjorn Olson,politician,Minnesota House of Representatives,State,Minnesota,22A,Republican,Yes,In Office,August 11 2026,November 3 2026,,https://ballotpedia.org/Bjorn_Olson,https://www.house.mn.gov/members/profile/15544,rep.bjorn.olson@house.mn.gov,651-296-3240,Speaker Pro Tempore,https://www.house.mn.gov/hinfo/memberimgls94/22A.gif,
Terry Stier,politician,Minnesota House of Representatives,State,Minnesota,22B,Republican,Yes,In Office,August 11 2026,November 3 2026,,https://ballotpedia.org/Terry_Stier,https://www.house.mn.gov/members/profile/15646,rep.terry.stier@house.mn.gov,651-296-7065,,https://www.house.mn.gov/hinfo/memberimgls94/22B.gif,
Peggy Bennett,politician,Minnesota House of Representatives,State,Minnesota,23A,Republican,Yes,In Office,August 11 2026,November 3 2026,,https://ballotpedia.org/Peggy_Bennett,https://www.house.mn.gov/members/profile/15430,rep.peggy.bennett@house.mn.gov,651-296-8216,,https://www.house.mn.gov/hinfo/memberimgls94/23A.gif,
Patricia Mueller,politician,Minnesota House of Representatives,State,Minnesota,23B,Republican,Yes,In Office,August 11 2026,November 3 2026,,https://ballotpedia.org/Patricia_Mueller,https://www.house.mn.gov/members/profile/15561,rep.patricia.mueller@house.mn.gov,651-296-4193,,https://www.house.mn.gov/hinfo/memberimgls94/23B.gif,
Duane Quam,politician,Minnesota House of Representatives,State,Minnesota,24A,Republican,Yes,In Office,August 11 2026,November 3 2026,,https://ballotpedia.org/Duane_Quam,https://www.house.mn.gov/members/profile/15366,rep.duane.quam@house.mn.gov,651-296-9236,,https://www.house.mn.gov/hinfo/memberimgls94/24A.gif,
Tina Liebling,politician,Minnesota House of Representatives,State,Minnesota,24B,Democratic-Farmer-Labor,Yes,In Office,August 11 2026,November 3 2026,,https://ballotpedia.org/Tina_Liebling,https://www.house.mn.gov/members/profile/12268,rep.tina.liebling@house.mn.gov,651-296-0573,,https://www.house.mn.gov/hinfo/memberimgls94/24B.gif,
Kim Hicks,politician,Minnesota House of Representatives,State,Minnesota,25A,Democratic-Farmer-Labor,Yes,In Office,August 11 2026,November 3 2026,,https://ballotpedia.org/Kim_Hicks,https://www.house.mn.gov/members/profile/15605,rep.kim.hicks@house.mn.gov,651-296-4378,,https://www.house.mn.gov/hinfo/memberimgls94/25A.gif,
Andy Smith,politician,Minnesota House of Representatives,State,Minnesota,25B,Democratic-Farmer-Labor,Yes,In Office,August 11 2026,November 3 2026,,https://ballotpedia.org/Andy_Smith_(Minnesota),https://www.house.mn.gov/members/profile/15606,rep.andy.smith@house.mn.gov,651-296-9249,,https://www.house.mn.gov/hinfo/memberimgls94/25B.gif,
Aaron Repinski,politician,Minnesota House of Representatives,State,Minnesota,26A,Republican,Yes,In Office,August 11 2026,November 3 2026,,https://ballotpedia.org/Aaron_Repinski,https://www.house.mn.gov/members/profile/15641,rep.aaron.repinski@house.mn.gov,651-296-8637,,https://www.house.mn.gov/hinfo/memberimgls94/26A.gif,
Greg Davids,politician,Minnesota House of Representatives,State,Minnesota,26B,Republican,Yes,In Office,August 11 2026,November 3 2026,,https://ballotpedia.org/Greg_Davids,https://www.house.mn.gov/members/profile/10123,rep.greg.davids@house.mn.gov,651-296-9278,,https://www.house.mn.gov/hinfo/memberimgls94/26B.gif,
Shane Mekeland,politician,Minnesota House of Representatives,State,Minnesota,27A,Republican,Yes,In Office,August 11 2026,November 3 2026,,https://ballotpedia.org/Shane_Mekeland,https://www.house.mn.gov/members/profile/15500,rep.shane.mekeland@house.mn.gov,651-296-2451,,https://www.house.mn.gov/hinfo/memberimgls94/27A.gif,
Bryan Lawrence,politician,Minnesota House of Representatives,State,Minnesota,27B,Republican,Yes,In Office,August 11 2026,November 3 2026,,https://ballotpedia.org/Bryan_Lawrence_(Minnesota),https://www.house.mn.gov/members/profile/15626,rep.bryan.lawrence@house.mn.gov,651-296-5364,,https://www.house.mn.gov/hinfo/memberimgls94/27B.gif,
Jimmy Gordon,politician,Minnesota House of Representatives,State,Minnesota,28A,Republican,Yes,In Office,August 11 2026,November 3 2026,,https://ballotpedia.org/Jimmy_Gordon,https://www.house.mn.gov/members/profile/15632,rep.jimmy.gordon@house.mn.gov,651-296-4346,,https://www.house.mn.gov/hinfo/memberimgls94/28A.gif,
Max Rymer,politician,Minnesota House of Representatives,State,Minnesota,28B,Republican,Yes,In Office,August 11 2026,November 3 2026,,https://ballotpedia.org/Max_Rymer,https://www.house.mn.gov/members/profile/15643,rep.max.rymer@house.mn.gov,651-296-5377,,https://www.house.mn.gov/hinfo/memberimgls94/28B.gif,
Joe McDonald,politician,Minnesota House of Representatives,State,Minnesota,29A,Republican,Yes,In Office,August 11 2026,November 3 2026,,https://ballotpedia.org/Joe_McDonald_(Minnesota),https://www.house.mn.gov/members/profile/15360,rep.joe.mcdonald@house.mn.gov,651-296-4336,,https://www.house.mn.gov/hinfo/memberimgls94/29A.gif,
Marion Rarick,politician,Minnesota House of Representatives,State,Minnesota,29B,Republican,Yes,In Office,August 11 2026,November 3 2026,,https://ballotpedia.org/Marion_Rarick,https://www.house.mn.gov/members/profile/15409,rep.marion.rarick@house.mn.gov,651-296-5063,,https://www.house.mn.gov/hinfo/memberimgls94/29B.gif,
Walter Hudson,politician,Minnesota House of Representatives,State,Minnesota,30A,Republican,Yes,In Office,August 11 2026,November 3 2026,,https://ballotpedia.org/Walter_Hudson,https://www.house.mn.gov/members/profile/15607,rep.walter.hudson@house.mn.gov,651-296-1534,Assistant GOP Floor Leader,https://www.house.mn.gov/hinfo/memberimgls94/30A.gif,
Paul Novotny,politician,Minnesota House of Representatives,State,Minnesota,30B,Republican,Yes,In Office,August 11 2026,November 3 2026,,https://ballotpedia.org/Paul_Novotny,https://www.house.mn.gov/members/profile/15536,rep.paul.novotny@house.mn.gov,651-296-4237,,https://www.house.mn.gov/hinfo/memberimgls94/30B.gif,
Harry Niska,politician,Minnesota House of Representatives,State,Minnesota,31A,Republican,Yes,In Office,August 11 2026,November 3 2026,,https://ballotpedia.org/Harry_Niska,https://www.house.mn.gov/members/profile/15608,rep.harry.niska@house.mn.gov,651-296-2439,GOP Floor Leader,https://www.house.mn.gov/hinfo/memberimgls94/31A.gif,
Peggy Scott,politician,Minnesota House of Representatives,State,Minnesota,31B,Republican,Yes,In Office,August 11 2026,November 3 2026,,https://ballotpedia.org/Peggy_Scott,https://www.house.mn.gov/members/profile/15314,rep.peggy.scott@house.mn.gov,651-296-4231,,https://www.house.mn.gov/hinfo/memberimgls94/31B.gif,
Nolan West,politician,Minnesota House of Representatives,State,Minnesota,32A,Republican,Yes,In Office,August 11 2026,November 3 2026,,https://ballotpedia.org/Nolan_West,https://www.house.mn.gov/members/profile/15476,rep.nolan.west@house.mn.gov,651-296-4226,,https://www.house.mn.gov/hinfo/memberimgls94/32A.gif,
Matt Norris,politician,Minnesota House of Representatives,State,Minnesota,32B,Democratic-Farmer-Labor,Yes,In Office,August 11 2026,November 3 2026,,https://ballotpedia.org/Matt_Norris,https://www.house.mn.gov/members/profile/15609,rep.matt.norris@house.mn.gov,651-296-2907,,https://www.house.mn.gov/hinfo/memberimgls94/32B.gif,
Patti Anderson,politician,Minnesota House of Representatives,State,Minnesota,33A,Republican,Yes,In Office,August 11 2026,November 3 2026,,https://ballotpedia.org/Patti_Anderson,https://www.house.mn.gov/members/profile/15610,rep.patti.anderson@house.mn.gov,651-296-3018,,https://www.house.mn.gov/hinfo/memberimgls94/33A.gif,
Josiah Hill,politician,Minnesota House of Representatives,State,Minnesota,33B,Democratic-Farmer-Labor,Yes,In Office,August 11 2026,November 3 2026,,https://ballotpedia.org/Josiah_Hill,https://www.house.mn.gov/members/profile/15611,rep.josiah.hill@house.mn.gov,651-296-4124,,https://www.house.mn.gov/hinfo/memberimgls94/33B.gif,
Danny Nadeau,politician,Minnesota House of Representatives,State,Minnesota,34A,Republican,Yes,In Office,August 11 2026,November 3 2026,,https://ballotpedia.org/Danny_Nadeau,https://www.house.mn.gov/members/profile/15612,rep.danny.nadeau@house.mn.gov,651-296-4315,,https://www.house.mn.gov/hinfo/memberimgls94/34A.gif,
Xp Lee,politician,Minnesota House of Representatives,State,Minnesota,34B,Democratic-Farmer-Labor,Yes,In Office,August 11 2026,November 3 2026,,https://ballotpedia.org/Xp_Lee,https://www.house.mn.gov/members/profile/15652,rep.xp.lee@house.mn.gov,651-296-4280,,https://www.house.mn.gov/hinfo/memberimgls94/34B.gif,
Zack Stephenson,politician,Minnesota House of Representatives,State,Minnesota,35A,Democratic-Farmer-Labor,Yes,In Office,August 11 2026,November 3 2026,,https://ballotpedia.org/Zack_Stephenson,https://www.house.mn.gov/members/profile/15507,rep.zack.stephenson@house.mn.gov,651-296-5513,DFL Caucus Leader,https://www.house.mn.gov/hinfo/memberimgls94/35A.gif,
Kari Rehrauer,politician,Minnesota House of Representatives,State,Minnesota,35B,Democratic-Farmer-Labor,Yes,In Office,August 11 2026,November 3 2026,,https://ballotpedia.org/Kari_Rehrauer,https://www.house.mn.gov/members/profile/15640,rep.kari.rehrauer@house.mn.gov,651-296-1729,,https://www.house.mn.gov/hinfo/memberimgls94/35B.gif,
Elliott Engen,politician,Minnesota House of Representatives,State,Minnesota,36A,Republican,Yes,In Office,August 11 2026,November 3 2026,,https://ballotpedia.org/Elliott_Engen,https://www.house.mn.gov/members/profile/15613,rep.elliott.engen@house.mn.gov,651-296-2365,,https://www.house.mn.gov/hinfo/memberimgls94/36A.gif,
Brion Curran,politician,Minnesota House of Representatives,State,Minnesota,36B,Democratic-Farmer-Labor,Yes,In Office,August 11 2026,November 3 2026,,https://ballotpedia.org/Brion_Curran,https://www.house.mn.gov/members/profile/15614,rep.brion.curran@house.mn.gov,651-296-4342,Assistant DFL Floor Leader,https://www.house.mn.gov/hinfo/memberimgls94/36B.gif,
Kristin Robbins,politician,Minnesota House of Representatives,State,Minnesota,37A,Republican,Yes,In Office,August 11 2026,November 3 2026,,https://ballotpedia.org/Kristin_Robbins,https://www.house.mn.gov/members/profile/15504,rep.kristin.robbins@house.mn.gov,651-296-7806,Assistant GOP Floor Leader,https://www.house.mn.gov/hinfo/memberimgls94/37A.gif,
Kristin Bahner,politician,Minnesota House of Representatives,State,Minnesota,37B,Democratic-Farmer-Labor,Yes,In Office,August 11 2026,November 3 2026,,https://ballotpedia.org/Kristin_Bahner,https://www.house.mn.gov/members/profile/15505,rep.kristin.bahner@house.mn.gov,651-296-5502,,https://www.house.mn.gov/hinfo/memberimgls94/37B.gif,
Huldah Momanyi-Hiltsley,politician,Minnesota House of Representatives,State,Minnesota,38A,Democratic-Farmer-Labor,Yes,In Office,August 11 2026,November 3 2026,,https://ballotpedia.org/Huldah_Momanyi-Hiltsley,https://www.house.mn.gov/members/profile/15634,rep.huldah.momanyi-hiltsley@house.mn.gov,651-296-3751,,https://www.house.mn.gov/hinfo/memberimgls94/38A.gif,
Samantha Vang,politician,Minnesota House of Representatives,State,Minnesota,38B,Democratic-Farmer-Labor,Yes,In Office,August 11 2026,November 3 2026,,https://ballotpedia.org/Samantha_Vang,https://www.house.mn.gov/members/profile/15510,rep.samantha.vang@house.mn.gov,651-296-3709,,https://www.house.mn.gov/hinfo/memberimgls94/38B.gif,
Erin Koegel,politician,Minnesota House of Representatives,State,Minnesota,39A,Democratic-Farmer-Labor,Yes,In Office,August 11 2026,November 3 2026,,https://ballotpedia.org/Erin_Koegel,https://www.house.mn.gov/members/profile/15465,rep.erin.koegel@house.mn.gov,651-296-5369,,https://www.house.mn.gov/hinfo/memberimgls94/39A.gif,
Sandra Feist,politician,Minnesota House of Representatives,State,Minnesota,39B,Democratic-Farmer-Labor,Yes,In Office,August 11 2026,November 3 2026,,https://ballotpedia.org/Sandra_Feist,https://www.house.mn.gov/members/profile/15547,rep.sandra.feist@house.mn.gov,651-296-4331,,https://www.house.mn.gov/hinfo/memberimgls94/39B.gif,
Kelly Moller,politician,Minnesota House of Representatives,State,Minnesota,40A,Democratic-Farmer-Labor,Yes,In Office,August 11 2026,November 3 2026,,https://ballotpedia.org/Kelly_Moller,https://www.house.mn.gov/members/profile/15511,rep.kelly.moller@house.mn.gov,651-296-0141,,https://www.house.mn.gov/hinfo/memberimgls94/40A.gif,
David Gottfried,politician,Minnesota House of Representatives,State,Minnesota,40B,Democratic-Farmer-Labor,Yes,In Office,August 11 2026,November 3 2026,,https://ballotpedia.org/David_Gottfried,https://www.house.mn.gov/members/profile/15650,rep.david.gottfried@house.mn.gov,651-296-7153,,https://www.house.mn.gov/hinfo/memberimgls94/40B.gif,
Wayne Johnson,politician,Minnesota House of Representatives,State,Minnesota,41A,Republican,Yes,In Office,August 11 2026,November 3 2026,,https://ballotpedia.org/Wayne_Johnson_(Minnesota),https://www.house.mn.gov/members/profile/15637,rep.wayne.johnson@house.mn.gov,651-296-4244,,https://www.house.mn.gov/hinfo/memberimgls94/41A.gif,
Tom Dippel,politician,Minnesota House of Representatives,State,Minnesota,41B,Republican,Yes,In Office,August 11 2026,November 3 2026,,https://ballotpedia.org/Tom_Dippel,https://www.house.mn.gov/members/profile/15628,rep.tom.dippel@house.mn.gov,651-296-3135,,https://www.house.mn.gov/hinfo/memberimgls94/41B.gif,
Ned Carroll,politician,Minnesota House of Representatives,State,Minnesota,42A,Democratic-Farmer-Labor,Yes,In Office,August 11 2026,November 3 2026,,https://ballotpedia.org/Ned_Carroll,https://www.house.mn.gov/members/profile/15617,rep.ned.carroll@house.mn.gov,651-296-5510,,https://www.house.mn.gov/hinfo/memberimgls94/42A.gif,
Ginny Klevorn,politician,Minnesota House of Representatives,State,Minnesota,42B,Democratic-Farmer-Labor,Yes,In Office,August 11 2026,November 3 2026,,https://ballotpedia.org/Ginny_Klevorn,https://www.house.mn.gov/members/profile/15512,rep.ginny.klevorn@house.mn.gov,651-296-5511,,https://www.house.mn.gov/hinfo/memberimgls94/42B.gif,
Cedrick Frazier,politician,Minnesota House of Representatives,State,Minnesota,43A,Democratic-Farmer-Labor,Yes,In Office,August 11 2026,November 3 2026,,https://ballotpedia.org/Cedrick_Frazier,https://www.house.mn.gov/members/profile/15548,rep.cedrick.frazier@house.mn.gov,651-296-4255,,https://www.house.mn.gov/hinfo/memberimgls94/43A.gif,
Mike Freiberg,politician,Minnesota House of Representatives,State,Minnesota,43B,Democratic-Farmer-Labor,Yes,In Office,August 11 2026,November 3 2026,,https://ballotpedia.org/Mike_Freiberg,https://www.house.mn.gov/members/profile/15398,rep.mike.freiberg@house.mn.gov,651-296-4176,,https://www.house.mn.gov/hinfo/memberimgls94/43B.gif,
Peter Fischer,politician,Minnesota House of Representatives,State,Minnesota,44A,Democratic-Farmer-Labor,Yes,In Office,August 11 2026,November 3 2026,,https://ballotpedia.org/Peter_Fischer_(Minnesota),https://www.house.mn.gov/members/profile/15396,rep.peter.fischer@house.mn.gov,651-296-5363,,https://www.house.mn.gov/hinfo/memberimgls94/44A.gif,
Leon Lillie,politician,Minnesota House of Representatives,State,Minnesota,44B,Democratic-Farmer-Labor,Yes,In Office,August 11 2026,November 3 2026,,https://ballotpedia.org/Leon_Lillie,https://www.house.mn.gov/members/profile/12269,rep.leon.lillie@house.mn.gov,651-296-1188,,https://www.house.mn.gov/hinfo/memberimgls94/44B.gif,
Andrew Myers,politician,Minnesota House of Representatives,State,Minnesota,45A,Republican,Yes,In Office,August 11 2026,November 3 2026,,https://ballotpedia.org/Andrew_Myers_(Minnesota),https://www.house.mn.gov/members/profile/15618,rep.andrew.myers@house.mn.gov,651-296-9188,Assistant GOP Floor Leader,https://www.house.mn.gov/hinfo/memberimgls94/45A.gif,
Patty Acomb,politician,Minnesota House of Representatives,State,Minnesota,45B,Democratic-Farmer-Labor,Yes,In Office,August 11 2026,November 3 2026,,https://ballotpedia.org/Patty_Acomb,https://www.house.mn.gov/members/profile/15513,rep.patty.acomb@house.mn.gov,651-296-9934,,https://www.house.mn.gov/hinfo/memberimgls94/45B.gif,
Larry Kraft,politician,Minnesota House of Representatives,State,Minnesota,46A,Democratic-Farmer-Labor,Yes,In Office,August 11 2026,November 3 2026,,https://ballotpedia.org/Larry_Kraft,https://www.house.mn.gov/members/profile/15619,rep.larry.kraft@house.mn.gov,651-296-7026,Assistant DFL Floor Leader,https://www.house.mn.gov/hinfo/memberimgls94/46A.gif,
Cheryl Youakim,politician,Minnesota House of Representatives,State,Minnesota,46B,Democratic-Farmer-Labor,Yes,In Office,August 11 2026,November 3 2026,,https://ballotpedia.org/Cheryl_Youakim,https://www.house.mn.gov/members/profile/15450,rep.cheryl.youakim@house.mn.gov,651-296-9889,,https://www.house.mn.gov/hinfo/memberimgls94/46B.gif,
Shelley Buck,politician,Minnesota House of Representatives,State,Minnesota,47A,Democratic-Farmer-Labor,Yes,In Office,August 11 2026,November 3 2026,,https://ballotpedia.org/Shelley_Buck,https://www.house.mn.gov/members/profile/15655,rep.shelley.buck@house.mn.gov,651-296-7807,,https://www.house.mn.gov/hinfo/memberimgls94/47A.gif,
Ethan Cha,politician,Minnesota House of Representatives,State,Minnesota,47B,Democratic-Farmer-Labor,Yes,In Office,August 11 2026,November 3 2026,,https://ballotpedia.org/Ethan_Cha,https://www.house.mn.gov/members/profile/15621,rep.ethan.cha@house.mn.gov,651-296-1147,,https://www.house.mn.gov/hinfo/memberimgls94/47B.gif,
Jim Nash,politician,Minnesota House of Representatives,State,Minnesota,48A,Republican,Yes,In Office,August 11 2026,November 3 2026,,https://ballotpedia.org/Jim_Nash_(Minnesota),https://www.house.mn.gov/members/profile/15441,rep.jim.nash@house.mn.gov,651-296-4282,GOP Whip,https://www.house.mn.gov/hinfo/memberimgls94/48A.gif,
Lucy Rehm,politician,Minnesota House of Representatives,State,Minnesota,48B,Democratic-Farmer-Labor,Yes,In Office,August 11 2026,November 3 2026,,https://ballotpedia.org/Lucy_Rehm,https://www.house.mn.gov/members/profile/15622,rep.lucy.rehm@house.mn.gov,651-296-5066,,https://www.house.mn.gov/hinfo/memberimgls94/48B.gif,
Alex Falconer,politician,Minnesota House of Representatives,State,Minnesota,49A,Democratic-Farmer-Labor,Yes,In Office,August 11 2026,November 3 2026,,https://ballotpedia.org/Alex_Falconer,https://www.house.mn.gov/members/profile/15630,rep.alex.falconer@house.mn.gov,651-296-3964,,https://www.house.mn.gov/hinfo/memberimgls94/49A.gif,
Carlie Kotyza-Witthuhn,politician,Minnesota House of Representatives,State,Minnesota,49B,Democratic-Farmer-Labor,Yes,In Office,August 11 2026,November 3 2026,,https://ballotpedia.org/Carlie_Kotyza-Witthuhn,https://www.house.mn.gov/members/profile/15515,rep.carlie.kotyza-witthuhn@house.mn.gov,651-296-7449,,https://www.house.mn.gov/hinfo/memberimgls94/49B.gif,
Julie Greene,politician,Minnesota House of Representatives,State,Minnesota,50A,Democratic-Farmer-Labor,Yes,In Office,August 11 2026,November 3 2026,,https://ballotpedia.org/Julie_Greene_(Minnesota),https://www.house.mn.gov/members/profile/15633,rep.julie.greene@house.mn.gov,651-296-4363,,https://www.house.mn.gov/hinfo/memberimgls94/50A.gif,
Steve Elkins,politician,Minnesota House of Representatives,State,Minnesota,50B,Democratic-Farmer-Labor,Yes,In Office,August 11 2026,November 3 2026,,https://ballotpedia.org/Steve_Elkins,https://www.house.mn.gov/members/profile/15517,rep.steve.elkins@house.mn.gov,651-296-7803,,https://www.house.mn.gov/hinfo/memberimgls94/50B.gif,
Michael Howard,politician,Minnesota House of Representatives,State,Minnesota,51A,Democratic-Farmer-Labor,Yes,In Office,August 11 2026,November 3 2026,,https://ballotpedia.org/Michael_Howard_(Minnesota),https://www.house.mn.gov/members/profile/15518,rep.michael.howard@house.mn.gov,651-296-7158,,https://www.house.mn.gov/hinfo/memberimgls94/51A.gif,
Nathan Coulter,politician,Minnesota House of Representatives,State,Minnesota,51B,Democratic-Farmer-Labor,Yes,In Office,August 11 2026,November 3 2026,,https://ballotpedia.org/Nathan_Coulter,https://www.house.mn.gov/members/profile/15567,rep.nathan.coulter@house.mn.gov,651-296-4218,Assistant DFL Floor Leader,https://www.house.mn.gov/hinfo/memberimgls94/51B.gif,
Liz Reyer,politician,Minnesota House of Representatives,State,Minnesota,52A,Democratic-Farmer-Labor,Yes,In Office,August 11 2026,November 3 2026,,https://ballotpedia.org/Liz_Reyer,https://www.house.mn.gov/members/profile/15549,rep.liz.reyer@house.mn.gov,651-296-4128,,https://www.house.mn.gov/hinfo/memberimgls94/52A.gif,
Bianca Virnig,politician,Minnesota House of Representatives,State,Minnesota,52B,Democratic-Farmer-Labor,Yes,In Office,August 11 2026,November 3 2026,,https://ballotpedia.org/Bianca_Virnig,https://www.house.mn.gov/members/profile/15625,rep.bianca.virnig@house.mn.gov,651-296-4192,,https://www.house.mn.gov/hinfo/memberimgls94/52B.gif,
Mary Frances Clardy,politician,Minnesota House of Representatives,State,Minnesota,53A,Democratic-Farmer-Labor,Yes,In Office,August 11 2026,November 3 2026,,https://ballotpedia.org/Mary_Frances_Clardy,https://www.house.mn.gov/members/profile/15568,rep.mary.frances.clardy@house.mn.gov,651-296-3533,,https://www.house.mn.gov/hinfo/memberimgls94/53A.gif,
Rick Hansen,politician,Minnesota House of Representatives,State,Minnesota,53B,Democratic-Farmer-Labor,Yes,In Office,August 11 2026,November 3 2026,,https://ballotpedia.org/Rick_Hansen_(Minnesota),https://www.house.mn.gov/members/profile/12282,rep.rick.hansen@house.mn.gov,651-296-6828,,https://www.house.mn.gov/hinfo/memberimgls94/53B.gif,
Brad Tabke,politician,Minnesota House of Representatives,State,Minnesota,54A,Democratic-Farmer-Labor,Yes,In Office,August 11 2026,November 3 2026,,https://ballotpedia.org/Brad_Tabke,https://www.house.mn.gov/members/profile/15523,rep.brad.tabke@house.mn.gov,651-296-8872,,https://www.house.mn.gov/hinfo/memberimgls94/54A.gif,
Ben Bakeberg,politician,Minnesota House of Representatives,State,Minnesota,54B,Republican,Yes,In Office,August 11 2026,November 3 2026,,https://ballotpedia.org/Ben_Bakeberg,https://www.house.mn.gov/members/profile/15569,rep.ben.bakeberg@house.mn.gov,651-296-5185,Assistant GOP Floor Leader,https://www.house.mn.gov/hinfo/memberimgls94/54B.gif,
Jessica Hanson,politician,Minnesota House of Representatives,State,Minnesota,55A,Democratic-Farmer-Labor,Yes,In Office,August 11 2026,November 3 2026,,https://ballotpedia.org/Jessica_Hanson,https://www.house.mn.gov/members/profile/15563,rep.jessica.hanson@house.mn.gov,651-296-4212,,https://www.house.mn.gov/hinfo/memberimgls94/55A.gif,
Kaela Berg,politician,Minnesota House of Representatives,State,Minnesota,55B,Democratic-Farmer-Labor,Yes,In Office,August 11 2026,November 3 2026,,https://ballotpedia.org/Kaela_Berg,https://www.house.mn.gov/members/profile/15550,rep.kaela.berg@house.mn.gov,651-296-5387,,https://www.house.mn.gov/hinfo/memberimgls94/55B.gif,
Robert Bierman,politician,Minnesota House of Representatives,State,Minnesota,56A,Democratic-Farmer-Labor,Yes,In Office,August 11 2026,November 3 2026,,https://ballotpedia.org/Robert_Bierman,https://www.house.mn.gov/members/profile/15526,rep.robert.bierman@house.mn.gov,651-296-5506,,https://www.house.mn.gov/hinfo/memberimgls94/56A.gif,
John Huot,politician,Minnesota House of Representatives,State,Minnesota,56B,Democratic-Farmer-Labor,Yes,In Office,August 11 2026,November 3 2026,,https://ballotpedia.org/John_Huot,https://www.house.mn.gov/members/profile/15527,rep.john.huot@house.mn.gov,651-296-4306,,https://www.house.mn.gov/hinfo/memberimgls94/56B.gif,
Jon Koznick,politician,Minnesota House of Representatives,State,Minnesota,57A,Republican,Yes,In Office,August 11 2026,November 3 2026,,https://ballotpedia.org/Jon_Koznick,https://www.house.mn.gov/members/profile/15436,rep.jon.koznick@house.mn.gov,651-296-6926,,https://www.house.mn.gov/hinfo/memberimgls94/57A.gif,
Jeff Witte,politician,Minnesota House of Representatives,State,Minnesota,57B,Republican,Yes,In Office,August 11 2026,November 3 2026,,https://ballotpedia.org/Jeff_Witte,https://www.house.mn.gov/members/profile/15570,rep.jeff.witte@house.mn.gov,651-296-4240,,https://www.house.mn.gov/hinfo/memberimgls94/57B.gif,
Kristi Pursell,politician,Minnesota House of Representatives,State,Minnesota,58A,Democratic-Farmer-Labor,Yes,In Office,August 11 2026,November 3 2026,,https://ballotpedia.org/Kristi_Pursell,https://www.house.mn.gov/members/profile/15571,rep.kristi.pursell@house.mn.gov,651-296-0171,Assistant DFL Floor Leader,https://www.house.mn.gov/hinfo/memberimgls94/58A.gif,
Drew Roach,politician,Minnesota House of Representatives,State,Minnesota,58B,Republican,Yes,In Office,August 11 2026,November 3 2026,,https://ballotpedia.org/Drew_Roach,https://www.house.mn.gov/members/profile/15642,rep.drew.roach@house.mn.gov,651-296-1069,,https://www.house.mn.gov/hinfo/memberimgls94/58B.gif,
Fue Lee,politician,Minnesota House of Representatives,State,Minnesota,59A,Democratic-Farmer-Labor,Yes,In Office,August 11 2026,November 3 2026,,https://ballotpedia.org/Fue_Lee,https://www.house.mn.gov/members/profile/15468,rep.fue.lee@house.mn.gov,651-296-4262,,https://www.house.mn.gov/hinfo/memberimgls94/59A.gif,
Esther Agbaje,politician,Minnesota House of Representatives,State,Minnesota,59B,Democratic-Farmer-Labor,Yes,In Office,August 11 2026,November 3 2026,,https://ballotpedia.org/Esther_Agbaje,https://www.house.mn.gov/members/profile/15551,rep.esther.agbaje@house.mn.gov,651-296-8659,,https://www.house.mn.gov/hinfo/memberimgls94/59B.gif,
Sydney Jordan,politician,Minnesota House of Representatives,State,Minnesota,60A,Democratic-Farmer-Labor,Yes,In Office,August 11 2026,November 3 2026,,https://ballotpedia.org/Sydney_Jordan,https://www.house.mn.gov/members/profile/15535,rep.sydney.jordan@house.mn.gov,651-296-4219,,https://www.house.mn.gov/hinfo/memberimgls94/60A.gif,
Mohamud Noor,politician,Minnesota House of Representatives,State,Minnesota,60B,Democratic-Farmer-Labor,Yes,In Office,August 11 2026,November 3 2026,,https://ballotpedia.org/Mohamud_Noor,https://www.house.mn.gov/members/profile/15528,rep.mohamud.noor@house.mn.gov,651-296-4257,,https://www.house.mn.gov/hinfo/memberimgls94/60B.gif,
Katie Jones,politician,Minnesota House of Representatives,State,Minnesota,61A,Democratic-Farmer-Labor,Yes,In Office,August 11 2026,November 3 2026,,https://ballotpedia.org/Katie_Jones_(Minnesota),https://www.house.mn.gov/members/profile/15638,rep.katie.jones@house.mn.gov,651-296-9281,,https://www.house.mn.gov/hinfo/memberimgls94/61A.gif,
Jamie Long,politician,Minnesota House of Representatives,State,Minnesota,61B,Democratic-Farmer-Labor,Yes,In Office,August 11 2026,November 3 2026,,https://ballotpedia.org/Jamie_Long,https://www.house.mn.gov/members/profile/15529,rep.jamie.long@house.mn.gov,651-296-5375,DFL Floor Leader,https://www.house.mn.gov/hinfo/memberimgls94/61B.gif,
Aisha Gomez,politician,Minnesota House of Representatives,State,Minnesota,62A,Democratic-Farmer-Labor,Yes,In Office,August 11 2026,November 3 2026,,https://ballotpedia.org/Aisha_Gomez,https://www.house.mn.gov/members/profile/15531,rep.aisha.gomez@house.mn.gov,651-296-7152,,https://www.house.mn.gov/hinfo/memberimgls94/62A.gif,
Anquam Mahamoud,politician,Minnesota House of Representatives,State,Minnesota,62B,Democratic-Farmer-Labor,Yes,In Office,August 11 2026,November 3 2026,,https://ballotpedia.org/Anquam_Mahamoud,https://www.house.mn.gov/members/profile/15639,rep.anquam.mahamoud@house.mn.gov,651-296-0294,,https://www.house.mn.gov/hinfo/memberimgls94/62B.gif,
Samantha Sencer-Mura,politician,Minnesota House of Representatives,State,Minnesota,63A,Democratic-Farmer-Labor,Yes,In Office,August 11 2026,November 3 2026,,https://ballotpedia.org/Samantha_Sencer-Mura,https://www.house.mn.gov/members/profile/15572,rep.samantha.sencer-mura@house.mn.gov,651-296-0173,,https://www.house.mn.gov/hinfo/memberimgls94/63A.gif,
Emma Greenman,politician,Minnesota House of Representatives,State,Minnesota,63B,Democratic-Farmer-Labor,Yes,In Office,August 11 2026,November 3 2026,,https://ballotpedia.org/Emma_Greenman,https://www.house.mn.gov/members/profile/15552,rep.emma.greenman@house.mn.gov,651-296-4200,,https://www.house.mn.gov/hinfo/memberimgls94/63B.gif,
Meg Luger-Nikolai,politician,Minnesota House of Representatives,State,Minnesota,64A,Democratic-Farmer-Labor,Yes,In Office,August 11 2026,November 3 2026,,https://ballotpedia.org/Meg_Luger-Nikolai,https://www.house.mn.gov/members/profile/15654,rep.meg.luger-nikolai@house.mn.gov,651-296-8799,,https://www.house.mn.gov/hinfo/memberimgls94/64A.gif,
Dave Pinto,politician,Minnesota House of Representatives,State,Minnesota,64B,Democratic-Farmer-Labor,Yes,In Office,August 11 2026,November 3 2026,,https://ballotpedia.org/Dave_Pinto,https://www.house.mn.gov/members/profile/15444,rep.dave.pinto@house.mn.gov,651-296-4199,,https://www.house.mn.gov/hinfo/memberimgls94/64B.gif,
Samakab Hussein,politician,Minnesota House of Representatives,State,Minnesota,65A,Democratic-Farmer-Labor,Yes,In Office,August 11 2026,November 3 2026,,https://ballotpedia.org/Samakab_Hussein,https://www.house.mn.gov/members/profile/15573,rep.samakab.hussein@house.mn.gov,651-296-5158,,https://www.house.mn.gov/hinfo/memberimgls94/65A.gif,
María Isa Pérez-Vega,politician,Minnesota House of Representatives,State,Minnesota,65B,Democratic-Farmer-Labor,Yes,In Office,August 11 2026,November 3 2026,,https://ballotpedia.org/Mar%C3%ADa_Isa_P%C3%A9rez-Vega,https://www.house.mn.gov/members/profile/15574,rep.maria.isa.perez-vega@house.mn.gov,651-296-9714,,https://www.house.mn.gov/hinfo/memberimgls94/65B.gif,
Leigh Finke,politician,Minnesota House of Representatives,State,Minnesota,66A,Democratic-Farmer-Labor,Yes,In Office,August 11 2026,November 3 2026,,https://ballotpedia.org/Leigh_Finke,https://www.house.mn.gov/members/profile/15575,,651-296-3824,,https://www.house.mn.gov/hinfo/memberimgls94/66A.gif,
Athena Hollins,politician,Minnesota House of Representatives,State,Minnesota,66B,Democratic-Farmer-Labor,Yes,In Office,August 11 2026,November 3 2026,,https://ballotpedia.org/Athena_Hollins,https://www.house.mn.gov/members/profile/15553,rep.athena.hollins@house.mn.gov,651-296-4224,DFL Whip,https://www.house.mn.gov/hinfo/memberimgls94/66B.gif,
Liz Lee,politician,Minnesota House of Representatives,State,Minnesota,67A,Democratic-Farmer-Labor,Yes,In Office,August 11 2026,November 3 2026,,https://ballotpedia.org/Liz_Lee_(Minnesota),https://www.house.mn.gov/members/profile/15576,,651-296-4277,,https://www.house.mn.gov/hinfo/memberimgls94/67A.gif,
Jay Xiong,politician,Minnesota House of Representatives,State,Minnesota,67B,Democratic-Farmer-Labor,Yes,In Office,August 11 2026,November 3 2026,,https://ballotpedia.org/Jay_Xiong,https://www.house.mn.gov/members/profile/15533,rep.jay.xiong@house.mn.gov,651-296-4201,,https://www.house.mn.gov/hinfo/memberimgls94/67B.gif,
Mark Johnson,politician,Minnesota State Senate,State,Minnesota,1,Republican,Yes,In Office,August 11 2026,November 3 2026,,https://ballotpedia.org/Mark_Johnson_(Minnesota_Senate),https://www.senate.mn/members/1173,,651-296-5782,,,
Steve Green,politician,Minnesota State Senate,State,Minnesota,2,Republican,Yes,In Office,August 11 2026,November 3 2026,,https://ballotpedia.org/Steve_Green_(Minnesota),https://www.senate.mn/members/1246,,651-297-8063,,,
Grant Hauschild,politician,Minnesota State Senate,State,Minnesota,3,Democratic-Farmer-Labor,Yes,In Office,August 11 2026,November 3 2026,,https://ballotpedia.org/Grant_Hauschild,https://www.senate.mn/members/1266,,651-296-1789,,,
Rob Kupec,politician,Minnesota State Senate,State,Minnesota,4,Democratic-Farmer-Labor,Yes,In Office,August 11 2026,November 3 2026,,https://ballotpedia.org/Rob_Kupec,https://www.senate.mn/members/1267,,651-296-3205,,,
Paul Utke,politician,Minnesota State Senate,State,Minnesota,5,Republican,Yes,In Office,August 11 2026,November 3 2026,,https://ballotpedia.org/Paul_Utke,https://www.senate.mn/members/1221,,651-296-9651,,,
Keri Heintzeman,politician,Minnesota State Senate,State,Minnesota,6,Republican,Yes,In Office,August 11 2026,November 3 2026,,https://ballotpedia.org/Keri_Heintzeman,https://www.senate.mn/members/1279,,651-296-7079,,Succeeded Justin Eichorn who resigned March 2025,
Robert Farnsworth,politician,Minnesota State Senate,State,Minnesota,7,Republican,Yes,In Office,August 11 2026,November 3 2026,,https://ballotpedia.org/Robert_Farnsworth_(Minnesota),https://www.senate.mn/members/1268,,651-296-8436,,,
Jen McEwen,politician,Minnesota State Senate,State,Minnesota,8,Democratic-Farmer-Labor,Yes,In Office,August 11 2026,November 3 2026,,https://ballotpedia.org/Jennifer_McEwen,https://www.senate.mn/members/1247,,651-296-4188,,,
Jordan Rasmusson,politician,Minnesota State Senate,State,Minnesota,9,Republican,Yes,In Office,August 11 2026,November 3 2026,,https://ballotpedia.org/Jordan_Rasmusson,https://www.senate.mn/members/1248,,651-296-4875,,,
Nathan Wesenberg,politician,Minnesota State Senate,State,Minnesota,10,Republican,Yes,In Office,August 11 2026,November 3 2026,,https://ballotpedia.org/Nathan_Wesenberg,https://www.senate.mn/members/1249,,651-296-4913,,,
Jason Rarick,politician,Minnesota State Senate,State,Minnesota,11,Republican,Yes,In Office,August 11 2026,November 3 2026,,https://ballotpedia.org/Jason_Rarick,https://www.senate.mn/members/1196,,651-296-1508,,,
Torrey Westrom,politician,Minnesota State Senate,State,Minnesota,12,Republican,Yes,In Office,August 11 2026,November 3 2026,,https://ballotpedia.org/Torrey_Westrom,https://www.senate.mn/members/1174,,651-296-3826,,,
Jeff Howe,politician,Minnesota State Senate,State,Minnesota,13,Republican,Yes,In Office,August 11 2026,November 3 2026,,https://ballotpedia.org/Jeff_Howe,https://www.senate.mn/members/1222,,651-296-2084,,,
Aric Putnam,politician,Minnesota State Senate,State,Minnesota,14,Democratic-Farmer-Labor,Yes,In Office,August 11 2026,November 3 2026,,https://ballotpedia.org/Aric_Putnam,https://www.senate.mn/members/1250,,651-296-6455,,,
Gary Dahms,politician,Minnesota State Senate,State,Minnesota,15,Republican,Yes,In Office,August 11 2026,November 3 2026,,https://ballotpedia.org/Gary_Dahms,https://www.senate.mn/members/1175,,651-296-8138,,,
Andrew Lang,politician,Minnesota State Senate,State,Minnesota,16,Republican,Yes,In Office,August 11 2026,November 3 2026,,https://ballotpedia.org/Andrew_Lang_(Minnesota),https://www.senate.mn/members/1251,,651-296-4918,,,
Glenn Gruenhagen,politician,Minnesota State Senate,State,Minnesota,17,Republican,Yes,In Office,August 11 2026,November 3 2026,,https://ballotpedia.org/Glenn_Gruenhagen,https://www.senate.mn/members/1176,,651-296-4131,,,
Nick Frentz,politician,Minnesota State Senate,State,Minnesota,18,Democratic-Farmer-Labor,Yes,In Office,August 11 2026,November 3 2026,,https://ballotpedia.org/Nick_Frentz,https://www.senate.mn/members/1252,,651-296-6153,,,
John Jasinski,politician,Minnesota State Senate,State,Minnesota,19,Republican,Yes,In Office,August 11 2026,November 3 2026,,https://ballotpedia.org/John_Jasinski,https://www.senate.mn/members/1223,,651-296-0284,,,
Steve Drazkowski,politician,Minnesota State Senate,State,Minnesota,20,Republican,Yes,In Office,August 11 2026,November 3 2026,,https://ballotpedia.org/Steve_Drazkowski,https://www.senate.mn/members/1177,,651-296-5612,,,
Bill Weber,politician,Minnesota State Senate,State,Minnesota,21,Republican,Yes,In Office,August 11 2026,November 3 2026,,https://ballotpedia.org/Bill_Weber_(Minnesota),https://www.senate.mn/members/1224,,651-296-5650,,,
Rich Draheim,politician,Minnesota State Senate,State,Minnesota,22,Republican,Yes,In Office,August 11 2026,November 3 2026,,https://ballotpedia.org/Rich_Draheim,https://www.senate.mn/members/1197,,651-296-5558,,,
Gene Dornink,politician,Minnesota State Senate,State,Minnesota,23,Republican,Yes,In Office,August 11 2026,November 3 2026,,https://ballotpedia.org/Gene_Dornink,https://www.senate.mn/members/1253,,651-296-5240,,,
Carla Nelson,politician,Minnesota State Senate,State,Minnesota,24,Republican,Yes,In Office,August 11 2026,November 3 2026,,https://ballotpedia.org/Carla_Nelson,https://www.senate.mn/members/1178,,651-296-4848,,,
Liz Boldon,politician,Minnesota State Senate,State,Minnesota,25,Democratic-Farmer-Labor,Yes,In Office,August 11 2026,November 3 2026,,https://ballotpedia.org/Liz_Boldon,https://www.senate.mn/members/1254,,651-296-3903,,,
Jeremy Miller,politician,Minnesota State Senate,State,Minnesota,26,Republican,Yes,In Office,August 11 2026,November 3 2026,,https://ballotpedia.org/Jeremy_Miller_(Minnesota),https://www.senate.mn/members/1179,,651-296-5649,,,
Andrew Mathews,politician,Minnesota State Senate,State,Minnesota,27,Republican,Yes,In Office,August 11 2026,November 3 2026,,https://ballotpedia.org/Andrew_Mathews,https://www.senate.mn/members/1225,,651-296-8075,,,
Mark Koran,politician,Minnesota State Senate,State,Minnesota,28,Republican,Yes,In Office,August 11 2026,November 3 2026,,https://ballotpedia.org/Mark_Koran,https://www.senate.mn/members/1198,,651-296-5419,,,
Michael Holmstrom,politician,Minnesota State Senate,State,Minnesota,29,Republican,Yes,In Office,August 11 2026,November 3 2026,,https://ballotpedia.org/Michael_Holmstrom,https://www.senate.mn/members/1280,,651-296-5981,,,
Eric Lucero,politician,Minnesota State Senate,State,Minnesota,30,Republican,Yes,In Office,August 11 2026,November 3 2026,,https://ballotpedia.org/Eric_Lucero,https://www.senate.mn/members/1255,,651-296-5655,,Walter Hudson's senator,
Cal Bahr,politician,Minnesota State Senate,State,Minnesota,31,Republican,Yes,In Office,August 11 2026,November 3 2026,,https://ballotpedia.org/Cal_Bahr,https://www.senate.mn/members/1226,,651-296-3219,,,
Michael Kreun,politician,Minnesota State Senate,State,Minnesota,32,Republican,Yes,In Office,August 11 2026,November 3 2026,,https://ballotpedia.org/Michael_Kreun,https://www.senate.mn/members/1256,,651-296-1282,,,
Karin Housley,politician,Minnesota State Senate,State,Minnesota,33,Republican,Yes,In Office,August 11 2026,November 3 2026,,https://ballotpedia.org/Karin_Housley,https://www.senate.mn/members/1257,,651-296-4351,,,
John Hoffman,politician,Minnesota State Senate,State,Minnesota,34,Democratic-Farmer-Labor,Yes,In Office,August 11 2026,November 3 2026,,https://ballotpedia.org/John_Hoffman_(Minnesota),https://www.senate.mn/members/1180,,651-296-4154,,,
Jim Abeler,politician,Minnesota State Senate,State,Minnesota,35,Republican,Yes,In Office,August 11 2026,November 3 2026,,https://ballotpedia.org/Jim_Abeler,https://www.senate.mn/members/1160,,651-296-3733,,,
Heather Gustafson,politician,Minnesota State Senate,State,Minnesota,36,Democratic-Farmer-Labor,Yes,In Office,August 11 2026,November 3 2026,,https://ballotpedia.org/Heather_Gustafson,https://www.senate.mn/members/1258,,651-296-1253,,,
Warren Limmer,politician,Minnesota State Senate,State,Minnesota,37,Republican,Yes,In Office,August 11 2026,November 3 2026,,https://ballotpedia.org/Warren_Limmer,https://www.senate.mn/members/1163,,651-296-2159,,,
Susan Pha,politician,Minnesota State Senate,State,Minnesota,38,Democratic-Farmer-Labor,Yes,In Office,August 11 2026,November 3 2026,,https://ballotpedia.org/Susan_Pha,https://www.senate.mn/members/1259,,651-296-2556,,,
Mary Kunesh,politician,Minnesota State Senate,State,Minnesota,39,Democratic-Farmer-Labor,Yes,In Office,August 11 2026,November 3 2026,,https://ballotpedia.org/Mary_Kunesh,https://www.senate.mn/members/1260,,651-296-4334,,,
John Marty,politician,Minnesota State Senate,State,Minnesota,40,Democratic-Farmer-Labor,Yes,In Office,August 11 2026,November 3 2026,,https://ballotpedia.org/John_Marty,https://www.senate.mn/members/1164,,651-296-5645,,,
Judy Seeberger,politician,Minnesota State Senate,State,Minnesota,41,Democratic-Farmer-Labor,Yes,In Office,August 11 2026,November 3 2026,,https://ballotpedia.org/Judy_Seeberger,https://www.senate.mn/members/1261,,651-297-8060,,,
Bonnie Westlin,politician,Minnesota State Senate,State,Minnesota,42,Democratic-Farmer-Labor,Yes,In Office,August 11 2026,November 3 2026,,https://ballotpedia.org/Bonnie_Westlin,https://www.senate.mn/members/1262,,651-296-8869,,,
Ann Rest,politician,Minnesota State Senate,State,Minnesota,43,Democratic-Farmer-Labor,Yes,In Office,August 11 2026,November 3 2026,,https://ballotpedia.org/Ann_Rest,https://www.senate.mn/members/1165,,651-296-2889,,,
Tou Xiong,politician,Minnesota State Senate,State,Minnesota,44,Democratic-Farmer-Labor,Yes,In Office,August 11 2026,November 3 2026,,https://ballotpedia.org/Tou_Xiong,https://www.senate.mn/members/1263,,651-296-6820,,,
Ann Johnson Stewart,politician,Minnesota State Senate,State,Minnesota,45,Democratic-Farmer-Labor,Yes,In Office,August 11 2026,November 3 2026,,https://ballotpedia.org/Ann_Johnson_Stewart,https://www.senate.mn/members/1227,,651-296-9261,,,
Ron Latz,politician,Minnesota State Senate,State,Minnesota,46,Democratic-Farmer-Labor,Yes,In Office,August 11 2026,November 3 2026,,https://ballotpedia.org/Ron_Latz,https://www.senate.mn/members/1166,,651-297-8065,,,
Amanda Hemmingsen-Jaeger,politician,Minnesota State Senate,State,Minnesota,47,Democratic-Farmer-Labor,Yes,In Office,August 11 2026,November 3 2026,,https://ballotpedia.org/Amanda_Hemmingsen-Jaeger,https://www.senate.mn/members/1281,,651-296-5537,,Succeeded Anderson via special election,
Julia Coleman,politician,Minnesota State Senate,State,Minnesota,48,Republican,Yes,In Office,August 11 2026,November 3 2026,,https://ballotpedia.org/Julia_Coleman,https://www.senate.mn/members/1228,,651-296-4837,,,
Steve Cwodzinski,politician,Minnesota State Senate,State,Minnesota,49,Democratic-Farmer-Labor,Yes,In Office,August 11 2026,November 3 2026,,https://ballotpedia.org/Steve_Cwodzinski,https://www.senate.mn/members/1229,,651-296-1314,,,
Alice Mann,politician,Minnesota State Senate,State,Minnesota,50,Democratic-Farmer-Labor,Yes,In Office,August 11 2026,November 3 2026,,https://ballotpedia.org/Alice_Mann_(Minnesota),https://www.senate.mn/members/1264,,651-296-6238,,,
Melissa Halvorson Wiklund,politician,Minnesota State Senate,State,Minnesota,51,Democratic-Farmer-Labor,Yes,In Office,August 11 2026,November 3 2026,,https://ballotpedia.org/Melissa_Halvorson_Wiklund,https://www.senate.mn/members/1230,,651-297-8061,,,
Jim Carlson,politician,Minnesota State Senate,State,Minnesota,52,Democratic-Farmer-Labor,Yes,In Office,August 11 2026,November 3 2026,,https://ballotpedia.org/Jim_Carlson_(Minnesota),https://www.senate.mn/members/1199,,651-297-8073,,,
Matt Klein,politician,Minnesota State Senate,State,Minnesota,53,Democratic-Farmer-Labor,Yes,In Office,August 11 2026,November 3 2026,,https://ballotpedia.org/Matt_Klein_(Minnesota),https://www.senate.mn/members/1231,,651-296-4370,,,
Eric Pratt,politician,Minnesota State Senate,State,Minnesota,54,Republican,Yes,In Office,August 11 2026,November 3 2026,,https://ballotpedia.org/Eric_Pratt_(Minnesota),https://www.senate.mn/members/1200,,651-296-4123,,,
Lindsey Port,politician,Minnesota State Senate,State,Minnesota,55,Democratic-Farmer-Labor,Yes,In Office,August 11 2026,November 3 2026,,https://ballotpedia.org/Lindsey_Port,https://www.senate.mn/members/1265,,651-296-5975,,,
Erin Maye Quade,politician,Minnesota State Senate,State,Minnesota,56,Democratic-Farmer-Labor,Yes,In Office,August 11 2026,November 3 2026,,https://ballotpedia.org/Erin_Maye_Quade,https://www.senate.mn/members/1232,,651-296-4120,,,
Zach Duckworth,politician,Minnesota State Senate,State,Minnesota,57,Republican,Yes,In Office,August 11 2026,November 3 2026,,https://ballotpedia.org/Zach_Duckworth,https://www.senate.mn/members/1233,,651-296-7633,,,
Bill Lieske,politician,Minnesota State Senate,State,Minnesota,58,Republican,Yes,In Office,August 11 2026,November 3 2026,,https://ballotpedia.org/Bill_Lieske,https://www.senate.mn/members/1234,,651-296-5019,,,
Bobby Joe Champion,politician,Minnesota State Senate,State,Minnesota,59,Democratic-Farmer-Labor,Yes,In Office,August 11 2026,November 3 2026,,https://ballotpedia.org/Bobby_Joe_Champion,https://www.senate.mn/members/1201,,651-296-9246,,,
Doron Clark,politician,Minnesota State Senate,State,Minnesota,60,Democratic-Farmer-Labor,Yes,In Office,August 11 2026,November 3 2026,,https://ballotpedia.org/Doron_Clark,https://www.senate.mn/members/1278,,651-296-7809,,Succeeded Dziedzic via special election Jan 2025,
D. Scott Dibble,politician,Minnesota State Senate,State,Minnesota,61,Democratic-Farmer-Labor,Yes,In Office,August 11 2026,November 3 2026,,https://ballotpedia.org/D._Scott_Dibble,https://www.senate.mn/members/1167,,651-296-4191,,,
Omar Fateh,politician,Minnesota State Senate,State,Minnesota,62,Democratic-Farmer-Labor,Yes,In Office,August 11 2026,November 3 2026,,https://ballotpedia.org/Omar_Fateh,https://www.senate.mn/members/1235,,651-296-4261,,,
Zaynab Mohamed,politician,Minnesota State Senate,State,Minnesota,63,Democratic-Farmer-Labor,Yes,In Office,August 11 2026,November 3 2026,,https://ballotpedia.org/Zaynab_Mohamed,https://www.senate.mn/members/1236,,651-296-4274,,,
Erin Murphy,politician,Minnesota State Senate,State,Minnesota,64,Democratic-Farmer-Labor,Yes,In Office,August 11 2026,November 3 2026,,https://ballotpedia.org/Erin_Murphy_(Minnesota),https://www.senate.mn/members/1168,,651-296-5931,,Senate Majority Leader,
Sandra Pappas,politician,Minnesota State Senate,State,Minnesota,65,Democratic-Farmer-Labor,Yes,In Office,August 11 2026,November 3 2026,,https://ballotpedia.org/Sandra_Pappas,https://www.senate.mn/members/1169,,651-296-1802,,,
Clare Oumou Verbeten,politician,Minnesota State Senate,State,Minnesota,66,Democratic-Farmer-Labor,Yes,In Office,August 11 2026,November 3 2026,,https://ballotpedia.org/Clare_Oumou_Verbeten,https://www.senate.mn/members/1237,,651-296-8866,,,
Foung Hawj,politician,Minnesota State Senate,State,Minnesota,67,Democratic-Farmer-Labor,Yes,In Office,August 11 2026,November 3 2026,,https://ballotpedia.org/Foung_Hawj,https://www.senate.mn/members/1202,,651-296-5285,,,
